Measure,Reporting_Period_Start_Date,Reporting_Period_End_Date,Sex,Age_Band,Numerator,Denominator,Percentage
ADHD_medication_without_ADHD_diagnosis,01/04/2016,31/03/2017,male,75 and over,105,715045,0.01468439
ADHD_medication_without_ADHD_diagnosis,01/04/2016,31/03/2017,female,18 to 24,680,781120,0.087054486
ADHD_medication_without_ADHD_diagnosis,01/04/2016,31/03/2017,male,18 to 24,3355,862980,0.388769149
ADHD_medication_without_ADHD_diagnosis,01/04/2016,31/03/2017,female,10 to 17,1175,910505,0.129049264
ADHD_medication_without_ADHD_diagnosis,01/04/2016,31/03/2017,female,75 and over,135,968895,0.013933398
ADHD_medication_without_ADHD_diagnosis,01/04/2016,31/03/2017,male,10 to 17,5205,975765,0.533427618
ADHD_medication_without_ADHD_diagnosis,01/04/2016,31/03/2017,male,65 to 74,175,1062200,0.01647524
ADHD_medication_without_ADHD_diagnosis,01/04/2016,31/03/2017,female,65 to 74,180,1125055,0.015999218
ADHD_medication_without_ADHD_diagnosis,01/04/2016,31/03/2017,female,0 to 9,395,1225005,0.032244766
ADHD_medication_without_ADHD_diagnosis,01/04/2016,31/03/2017,female,55 to 64,200,1269560,0.015753489
ADHD_medication_without_ADHD_diagnosis,01/04/2016,31/03/2017,male,55 to 64,235,1283885,0.01830382
ADHD_medication_without_ADHD_diagnosis,01/04/2016,31/03/2017,male,0 to 9,1990,1289335,0.15434313
ADHD_medication_without_ADHD_diagnosis,01/04/2016,31/03/2017,female,25 to 34,530,1361205,0.03893609
ADHD_medication_without_ADHD_diagnosis,01/04/2016,31/03/2017,female,35 to 44,415,1370715,0.03027617
ADHD_medication_without_ADHD_diagnosis,01/04/2016,31/03/2017,male,25 to 34,1920,1397550,0.137383278
ADHD_medication_without_ADHD_diagnosis,01/04/2016,31/03/2017,male,35 to 44,530,1434630,0.036943323
ADHD_medication_without_ADHD_diagnosis,01/04/2016,31/03/2017,female,45 to 54,370,1548240,0.023898104
ADHD_medication_without_ADHD_diagnosis,01/04/2016,31/03/2017,male,45 to 54,415,1602640,0.025894774
ADHD_medication_without_ADHD_diagnosis,01/04/2017,31/03/2018,male,75 and over,115,732060,0.015709095
ADHD_medication_without_ADHD_diagnosis,01/04/2017,31/03/2018,female,18 to 24,805,799460,0.100692968
ADHD_medication_without_ADHD_diagnosis,01/04/2017,31/03/2018,male,18 to 24,3630,881400,0.411844792
ADHD_medication_without_ADHD_diagnosis,01/04/2017,31/03/2018,female,10 to 17,1300,938950,0.138452527
ADHD_medication_without_ADHD_diagnosis,01/04/2017,31/03/2018,female,75 and over,140,981775,0.014259886
ADHD_medication_without_ADHD_diagnosis,01/04/2017,31/03/2018,male,10 to 17,5555,1003425,0.553603907
ADHD_medication_without_ADHD_diagnosis,01/04/2017,31/03/2018,male,65 to 74,175,1090955,0.016040992
ADHD_medication_without_ADHD_diagnosis,01/04/2017,31/03/2018,female,65 to 74,175,1155075,0.015150531
ADHD_medication_without_ADHD_diagnosis,01/04/2017,31/03/2018,female,0 to 9,425,1249180,0.034022319
ADHD_medication_without_ADHD_diagnosis,01/04/2017,31/03/2018,female,55 to 64,220,1311650,0.016772767
ADHD_medication_without_ADHD_diagnosis,01/04/2017,31/03/2018,male,0 to 9,2045,1314895,0.155525726
ADHD_medication_without_ADHD_diagnosis,01/04/2017,31/03/2018,male,55 to 64,260,1329810,0.019551665
ADHD_medication_without_ADHD_diagnosis,01/04/2017,31/03/2018,female,35 to 44,475,1393030,0.034098332
ADHD_medication_without_ADHD_diagnosis,01/04/2017,31/03/2018,female,25 to 34,660,1407775,0.046882492
ADHD_medication_without_ADHD_diagnosis,01/04/2017,31/03/2018,male,25 to 34,2375,1453330,0.163417806
ADHD_medication_without_ADHD_diagnosis,01/04/2017,31/03/2018,male,35 to 44,615,1465220,0.041973219
ADHD_medication_without_ADHD_diagnosis,01/04/2017,31/03/2018,female,45 to 54,425,1570345,0.027064116
ADHD_medication_without_ADHD_diagnosis,01/04/2017,31/03/2018,male,45 to 54,465,1629865,0.02852997
ADHD_medication_without_ADHD_diagnosis,01/04/2018,31/03/2019,male,75 and over,120,760855,0.01577173
ADHD_medication_without_ADHD_diagnosis,01/04/2018,31/03/2019,female,18 to 24,900,805815,0.111688167
ADHD_medication_without_ADHD_diagnosis,01/04/2018,31/03/2019,male,18 to 24,3775,889175,0.424550848
ADHD_medication_without_ADHD_diagnosis,01/04/2018,31/03/2019,female,10 to 17,1335,971130,0.137468722
ADHD_medication_without_ADHD_diagnosis,01/04/2018,31/03/2019,female,75 and over,145,1008480,0.014378074
ADHD_medication_without_ADHD_diagnosis,01/04/2018,31/03/2019,male,10 to 17,5615,1033920,0.543078768
ADHD_medication_without_ADHD_diagnosis,01/04/2018,31/03/2019,male,65 to 74,185,1108420,0.016690424
ADHD_medication_without_ADHD_diagnosis,01/04/2018,31/03/2019,female,65 to 74,175,1173110,0.014917612
ADHD_medication_without_ADHD_diagnosis,01/04/2018,31/03/2019,female,0 to 9,385,1254395,0.030692087
ADHD_medication_without_ADHD_diagnosis,01/04/2018,31/03/2019,male,0 to 9,1825,1320385,0.138217262
ADHD_medication_without_ADHD_diagnosis,01/04/2018,31/03/2019,female,55 to 64,245,1353825,0.018096874
ADHD_medication_without_ADHD_diagnosis,01/04/2018,31/03/2019,male,55 to 64,295,1375855,0.021441213
ADHD_medication_without_ADHD_diagnosis,01/04/2018,31/03/2019,female,35 to 44,515,1413105,0.036444567
ADHD_medication_without_ADHD_diagnosis,01/04/2018,31/03/2019,female,25 to 34,770,1437205,0.053576212
ADHD_medication_without_ADHD_diagnosis,01/04/2018,31/03/2019,male,25 to 34,2800,1494000,0.187416332
ADHD_medication_without_ADHD_diagnosis,01/04/2018,31/03/2019,male,35 to 44,700,1494170,0.046848752
ADHD_medication_without_ADHD_diagnosis,01/04/2018,31/03/2019,female,45 to 54,475,1576160,0.030136534
ADHD_medication_without_ADHD_diagnosis,01/04/2018,31/03/2019,male,45 to 54,500,1639725,0.030492918
ADHD_medication_without_ADHD_diagnosis,01/04/2019,31/03/2020,male,75 and over,115,788515,0.014584377
ADHD_medication_without_ADHD_diagnosis,01/04/2019,31/03/2020,female,18 to 24,985,816310,0.120664943
ADHD_medication_without_ADHD_diagnosis,01/04/2019,31/03/2020,male,18 to 24,3900,892525,0.43696255
ADHD_medication_without_ADHD_diagnosis,01/04/2019,31/03/2020,female,10 to 17,1350,1004120,0.134446082
ADHD_medication_without_ADHD_diagnosis,01/04/2019,31/03/2020,female,75 and over,145,1034920,0.014010745
ADHD_medication_without_ADHD_diagnosis,01/04/2019,31/03/2020,male,10 to 17,5545,1066370,0.519988372
ADHD_medication_without_ADHD_diagnosis,01/04/2019,31/03/2020,male,65 to 74,205,1122475,0.018263213
ADHD_medication_without_ADHD_diagnosis,01/04/2019,31/03/2020,female,65 to 74,180,1188065,0.015150686
ADHD_medication_without_ADHD_diagnosis,01/04/2019,31/03/2020,female,0 to 9,360,1257265,0.028633582
ADHD_medication_without_ADHD_diagnosis,01/04/2019,31/03/2020,male,0 to 9,1555,1324820,0.117374436
ADHD_medication_without_ADHD_diagnosis,01/04/2019,31/03/2020,female,55 to 64,275,1397240,0.019681658
ADHD_medication_without_ADHD_diagnosis,01/04/2019,31/03/2020,male,55 to 64,285,1421260,0.020052629
ADHD_medication_without_ADHD_diagnosis,01/04/2019,31/03/2020,female,35 to 44,570,1444635,0.039456333
ADHD_medication_without_ADHD_diagnosis,01/04/2019,31/03/2020,female,25 to 34,870,1474670,0.05899625
ADHD_medication_without_ADHD_diagnosis,01/04/2019,31/03/2020,male,35 to 44,825,1530705,0.053896734
ADHD_medication_without_ADHD_diagnosis,01/04/2019,31/03/2020,male,25 to 34,3215,1535445,0.209385553
ADHD_medication_without_ADHD_diagnosis,01/04/2019,31/03/2020,female,45 to 54,530,1573940,0.033673456
ADHD_medication_without_ADHD_diagnosis,01/04/2019,31/03/2020,male,45 to 54,565,1639005,0.034472134
ADHD_medication_without_ADHD_diagnosis,01/04/2020,31/03/2021,male,75 and over,115,806950,0.014251193
ADHD_medication_without_ADHD_diagnosis,01/04/2020,31/03/2021,female,18 to 24,1050,841580,0.124765322
ADHD_medication_without_ADHD_diagnosis,01/04/2020,31/03/2021,male,18 to 24,4125,917130,0.44977266
ADHD_medication_without_ADHD_diagnosis,01/04/2020,31/03/2021,female,10 to 17,1365,1049390,0.130075568
ADHD_medication_without_ADHD_diagnosis,01/04/2020,31/03/2021,female,75 and over,155,1050445,0.014755651
ADHD_medication_without_ADHD_diagnosis,01/04/2020,31/03/2021,male,10 to 17,5410,1110305,0.487253502
ADHD_medication_without_ADHD_diagnosis,01/04/2020,31/03/2021,male,65 to 74,200,1126930,0.017747331
ADHD_medication_without_ADHD_diagnosis,01/04/2020,31/03/2021,female,65 to 74,175,1197230,0.014617074
ADHD_medication_without_ADHD_diagnosis,01/04/2020,31/03/2021,female,0 to 9,285,1267485,0.022485473
ADHD_medication_without_ADHD_diagnosis,01/04/2020,31/03/2021,male,0 to 9,1180,1334745,0.0884064
ADHD_medication_without_ADHD_diagnosis,01/04/2020,31/03/2021,female,55 to 64,300,1446285,0.0207428
ADHD_medication_without_ADHD_diagnosis,01/04/2020,31/03/2021,male,55 to 64,330,1469690,0.022453715
ADHD_medication_without_ADHD_diagnosis,01/04/2020,31/03/2021,female,35 to 44,630,1490495,0.042267837
ADHD_medication_without_ADHD_diagnosis,01/04/2020,31/03/2021,female,25 to 34,1035,1513365,0.068390639
ADHD_medication_without_ADHD_diagnosis,01/04/2020,31/03/2021,female,45 to 54,555,1571300,0.035321072
ADHD_medication_without_ADHD_diagnosis,01/04/2020,31/03/2021,male,35 to 44,975,1579340,0.061734649
ADHD_medication_without_ADHD_diagnosis,01/04/2020,31/03/2021,male,25 to 34,3600,1581665,0.227608248
ADHD_medication_without_ADHD_diagnosis,01/04/2020,31/03/2021,male,45 to 54,605,1635485,0.036992085
ADHD_medication_without_ADHD_diagnosis,01/04/2021,31/03/2022,female,18 to 24,1145,818915,0.139819151
ADHD_medication_without_ADHD_diagnosis,01/04/2021,31/03/2022,male,75 and over,120,824770,0.014549511
ADHD_medication_without_ADHD_diagnosis,01/04/2021,31/03/2022,male,18 to 24,4245,891200,0.476324057
ADHD_medication_without_ADHD_diagnosis,01/04/2021,31/03/2022,female,10 to 17,1355,1064530,0.12728622
ADHD_medication_without_ADHD_diagnosis,01/04/2021,31/03/2022,female,75 and over,140,1067540,0.013114263
ADHD_medication_without_ADHD_diagnosis,01/04/2021,31/03/2022,male,10 to 17,5130,1127610,0.454944529
ADHD_medication_without_ADHD_diagnosis,01/04/2021,31/03/2022,male,65 to 74,195,1130540,0.017248395
ADHD_medication_without_ADHD_diagnosis,01/04/2021,31/03/2022,female,65 to 74,185,1200350,0.015412171
ADHD_medication_without_ADHD_diagnosis,01/04/2021,31/03/2022,female,0 to 9,230,1227370,0.018739255
ADHD_medication_without_ADHD_diagnosis,01/04/2021,31/03/2022,male,0 to 9,970,1292030,0.075075656
ADHD_medication_without_ADHD_diagnosis,01/04/2021,31/03/2022,female,55 to 64,335,1475960,0.022697092
ADHD_medication_without_ADHD_diagnosis,01/04/2021,31/03/2022,female,25 to 34,1155,1496410,0.077184729
ADHD_medication_without_ADHD_diagnosis,01/04/2021,31/03/2022,male,55 to 64,360,1500080,0.02399872
ADHD_medication_without_ADHD_diagnosis,01/04/2021,31/03/2022,female,35 to 44,725,1504430,0.048191009
ADHD_medication_without_ADHD_diagnosis,01/04/2021,31/03/2022,female,45 to 54,590,1543590,0.038222585
ADHD_medication_without_ADHD_diagnosis,01/04/2021,31/03/2022,male,25 to 34,3875,1561955,0.248086533
ADHD_medication_without_ADHD_diagnosis,01/04/2021,31/03/2022,male,35 to 44,1125,1591770,0.07067604
ADHD_medication_without_ADHD_diagnosis,01/04/2021,31/03/2022,male,45 to 54,630,1611840,0.039085765
ADHD_medication_without_ADHD_diagnosis,01/04/2022,31/03/2023,female,18 to 24,1335,847200,0.157577904
ADHD_medication_without_ADHD_diagnosis,01/04/2022,31/03/2023,male,75 and over,120,872495,0.01375366
ADHD_medication_without_ADHD_diagnosis,01/04/2022,31/03/2023,male,18 to 24,4310,928885,0.463997158
ADHD_medication_without_ADHD_diagnosis,01/04/2022,31/03/2023,female,10 to 17,1360,1100255,0.123607709
ADHD_medication_without_ADHD_diagnosis,01/04/2022,31/03/2023,female,75 and over,145,1117100,0.012980038
ADHD_medication_without_ADHD_diagnosis,01/04/2022,31/03/2023,male,65 to 74,190,1122410,0.016927861
ADHD_medication_without_ADHD_diagnosis,01/04/2022,31/03/2023,male,10 to 17,4790,1162795,0.411938476
ADHD_medication_without_ADHD_diagnosis,01/04/2022,31/03/2023,female,65 to 74,185,1190880,0.015534731
ADHD_medication_without_ADHD_diagnosis,01/04/2022,31/03/2023,female,0 to 9,210,1224670,0.017147476
ADHD_medication_without_ADHD_diagnosis,01/04/2022,31/03/2023,male,0 to 9,910,1288310,0.070635173
ADHD_medication_without_ADHD_diagnosis,01/04/2022,31/03/2023,female,55 to 64,365,1521080,0.023996108
ADHD_medication_without_ADHD_diagnosis,01/04/2022,31/03/2023,female,25 to 34,1365,1528795,0.089286006
ADHD_medication_without_ADHD_diagnosis,01/04/2022,31/03/2023,female,45 to 54,655,1532070,0.042752616
ADHD_medication_without_ADHD_diagnosis,01/04/2022,31/03/2023,male,55 to 64,390,1542565,0.025282565
ADHD_medication_without_ADHD_diagnosis,01/04/2022,31/03/2023,female,35 to 44,840,1560300,0.053835801
ADHD_medication_without_ADHD_diagnosis,01/04/2022,31/03/2023,male,45 to 54,665,1608615,0.04133991
ADHD_medication_without_ADHD_diagnosis,01/04/2022,31/03/2023,male,25 to 34,4250,1634545,0.260011196
ADHD_medication_without_ADHD_diagnosis,01/04/2022,31/03/2023,male,35 to 44,1345,1662910,0.080882309
ADHD_medication_without_ADHD_diagnosis,01/04/2023,31/03/2024,female,18 to 24,1440,852625,0.168890192
ADHD_medication_without_ADHD_diagnosis,01/04/2023,31/03/2024,male,75 and over,130,917000,0.014176663
ADHD_medication_without_ADHD_diagnosis,01/04/2023,31/03/2024,male,18 to 24,4345,932445,0.465979227
ADHD_medication_without_ADHD_diagnosis,01/04/2023,31/03/2024,male,65 to 74,205,1126045,0.018205312
ADHD_medication_without_ADHD_diagnosis,01/04/2023,31/03/2024,female,10 to 17,1325,1128840,0.117377131
ADHD_medication_without_ADHD_diagnosis,01/04/2023,31/03/2024,female,75 and over,140,1167225,0.01199426
ADHD_medication_without_ADHD_diagnosis,01/04/2023,31/03/2024,female,65 to 74,215,1192965,0.018022323
ADHD_medication_without_ADHD_diagnosis,01/04/2023,31/03/2024,male,10 to 17,4385,1193115,0.367525343
ADHD_medication_without_ADHD_diagnosis,01/04/2023,31/03/2024,female,0 to 9,185,1222815,0.015129026
ADHD_medication_without_ADHD_diagnosis,01/04/2023,31/03/2024,male,0 to 9,860,1284505,0.066951861
ADHD_medication_without_ADHD_diagnosis,01/04/2023,31/03/2024,female,45 to 54,705,1518235,0.046435499
ADHD_medication_without_ADHD_diagnosis,01/04/2023,31/03/2024,female,25 to 34,1540,1541420,0.099907877
ADHD_medication_without_ADHD_diagnosis,01/04/2023,31/03/2024,female,55 to 64,385,1552255,0.024802626
ADHD_medication_without_ADHD_diagnosis,01/04/2023,31/03/2024,male,55 to 64,440,1570205,0.028021819
ADHD_medication_without_ADHD_diagnosis,01/04/2023,31/03/2024,male,45 to 54,720,1594035,0.045168393
ADHD_medication_without_ADHD_diagnosis,01/04/2023,31/03/2024,female,35 to 44,965,1620860,0.059536296
ADHD_medication_without_ADHD_diagnosis,01/04/2023,31/03/2024,male,25 to 34,4515,1643685,0.274687668
ADHD_medication_without_ADHD_diagnosis,01/04/2023,31/03/2024,male,35 to 44,1580,1716365,0.092055012
ADHD_medication_without_ADHD_diagnosis,01/04/2024,31/03/2025,female,18 to 24,1480,856860,0.172723665
ADHD_medication_without_ADHD_diagnosis,01/04/2024,31/03/2025,male,18 to 24,4270,938330,0.455063784
ADHD_medication_without_ADHD_diagnosis,01/04/2024,31/03/2025,male,75 and over,135,946920,0.014256748
ADHD_medication_without_ADHD_diagnosis,01/04/2024,31/03/2025,male,65 to 74,205,1134005,0.018077522
ADHD_medication_without_ADHD_diagnosis,01/04/2024,31/03/2025,female,10 to 17,1310,1147765,0.114134862
ADHD_medication_without_ADHD_diagnosis,01/04/2024,31/03/2025,female,75 and over,150,1200545,0.012494325
ADHD_medication_without_ADHD_diagnosis,01/04/2024,31/03/2025,female,65 to 74,210,1202660,0.017461294
ADHD_medication_without_ADHD_diagnosis,01/04/2024,31/03/2025,female,0 to 9,195,1211410,0.016096945
ADHD_medication_without_ADHD_diagnosis,01/04/2024,31/03/2025,male,10 to 17,3950,1212360,0.325810815
ADHD_medication_without_ADHD_diagnosis,01/04/2024,31/03/2025,male,0 to 9,805,1271340,0.063319018
ADHD_medication_without_ADHD_diagnosis,01/04/2024,31/03/2025,female,45 to 54,765,1504045,0.05086284
ADHD_medication_without_ADHD_diagnosis,01/04/2024,31/03/2025,female,25 to 34,1745,1544495,0.112981913
ADHD_medication_without_ADHD_diagnosis,01/04/2024,31/03/2025,female,55 to 64,455,1573160,0.028922678
ADHD_medication_without_ADHD_diagnosis,01/04/2024,31/03/2025,male,45 to 54,740,1580585,0.046818108
ADHD_medication_without_ADHD_diagnosis,01/04/2024,31/03/2025,male,55 to 64,450,1582620,0.028433863
ADHD_medication_without_ADHD_diagnosis,01/04/2024,31/03/2025,male,25 to 34,4760,1648075,0.288821807
ADHD_medication_without_ADHD_diagnosis,01/04/2024,31/03/2025,female,35 to 44,1085,1659210,0.065392566
ADHD_medication_without_ADHD_diagnosis,01/04/2024,31/03/2025,male,35 to 44,1840,1755590,0.10480807
