,0,1,2,3,4,5,6,7,8,9,10,11,12,13,14,15,16,17,18,19,20,21,22,23,24,25,26
0,R1H12,THE ROYAL LONDON HOSPITAL,Y56,Q71,WHITECHAPEL,,,LONDON,GREATER LONDON,E1 1BB,20120401.0,,,,,,,,,,,0.0,,H,,,
1,R1H13,MILE END HOSPITAL,Y56,Q71,BANCROFT ROAD,,,LONDON,GREATER LONDON,E1 4DG,20120401.0,,,,,,,,,,,0.0,,H,,,
2,R1H83,THE LONDON CHEST HOSPITAL,Y56,Q71,BONNER ROAD,,,LONDON,GREATER LONDON,E2 9JX,20120401.0,,,,,,,,,,,0.0,,H,,,
3,R1HK2,CHINGFORD HOSPITAL,Y56,Q71,LARKSHALL ROAD,,,LONDON,GREATER LONDON,E4 6UN,20120401.0,,,,,,,,,,,0.0,,H,,,
4,R1HKH,WHIPPS CROSS UNIVERSITY HOSPITAL,Y56,Q71,WHIPPS CROSS ROAD,,,LONDON,GREATER LONDON,E11 1NR,20120401.0,,,,,,,,,,,0.0,,H,,,
5,R1HKJ,WANSTEAD HOSPITAL,Y56,Q71,MAKEPEACE ROAD,,,LONDON,GREATER LONDON,E11 1UU,20120401.0,,,,,,,,,,,0.0,,H,,,
6,R1HM0,ST BARTHOLOMEW'S HOSPITAL,Y56,Q71,WEST SMITHFIELD,,,LONDON,GREATER LONDON,EC1A 7BE,20120401.0,,,,,,,,,,,0.0,,H,,,
7,R1HNH,NEWHAM GENERAL HOSPITAL,Y56,Q71,GLEN ROAD,,,LONDON,GREATER LONDON,E13 8SL,20120401.0,,,,,,,,,,,0.0,,H,,,
8,R1K02,CENTRAL MIDDLESEX HOSPITAL,Y56,Q71,ACTON LANE,,,LONDON,GREATER LONDON,NW10 7NS,20141001.0,,,,,,,,,,,0.0,,H,,,
9,R1K68,CLAYPONDS HOSPITAL,Y56,Q71,STERLING PLACE,,,LONDON,GREATER LONDON,W5 4RN,20150401.0,,,,,,,,,,,0.0,,H,,,
10,R1KCH,EALING HOSPITAL CHILD HEALTH,Y56,Q71,CP HOUSE,97-107 UXBRIDGE ROAD,,LONDON,GREATER LONDON,W5 5TL,20141001.0,,,,,,,,,,,0.0,,H,,,
11,RAJ70,HOMERTON HOSPITAL,Y61,Q79,HOMERTON ROW,,,LONDON,GREATER LONDON,E9 6SR,20161001.0,,,,,,,,,,,0.0,,G,,,
12,RAL01,ROYAL FREE HOSPITAL,Y56,Q71,POND STREET,,,LONDON,GREATER LONDON,NW3 2QG,19910401.0,,,,,,,,,,,0.0,,H,,,
13,RAL16,"ROYAL NATIONAL THROAT, NOSE & EAR HOSPITAL",Y56,Q71,330 GRAY'S INN ROAD,,,LONDON,GREATER LONDON,WC1X 8DA,19910401.0,,,,,,,,,,,0.0,,H,,,
14,RAL22,FINCHLEY MEMORIAL HOSPITAL,Y56,Q71,GRANVILLE ROAD,,,LONDON,GREATER LONDON,N12 0JE,20030401.0,,,,,,,,,,,0.0,,H,,,
15,RAL24,WELLINGTON HOSPITAL,Y56,Q71,8A WELLINGTON PLACE,,,LONDON,GREATER LONDON,NW8 9LE,20030401.0,,,,,,,,,,,0.0,,H,,,
16,RAL25,HOSPITAL OF ST JOHN & ST ELIZABETH,Y56,Q71,60 GROVE END ROAD,,,LONDON,GREATER LONDON,NW8 9NH,20030401.0,,,,,,,,,,,0.0,,H,,,
17,RAL27,NORTH MIDDLESEX HOSPITAL,Y56,Q71,STERLING WAY,,,LONDON,GREATER LONDON,N18 1QX,20030401.0,,,,,,,,,,,0.0,,H,,,
18,RAL79,UNIVERSITY COLLEGE LONDON HOSPITAL,Y56,Q71,235 EUSTON ROAD,,,LONDON,GREATER LONDON,NW1 2BU,20141001.0,,,,,,,,,,,0.0,,H,,,
19,RALWH,THE WHITTINGTON HOSPITAL,Y56,Q71,HIGHGATE HILL,,,LONDON,GREATER LONDON,N19 5NF,20071001.0,,,,,,,,,,,0.0,,H,,,
20,RAN02,ROYAL NATIONAL ORTHOPAEDIC HOSPITAL (BOLSOVER STREET),Y56,Q71,45-51 BOLSOVER STREET,,,LONDON,GREATER LONDON,W1W 5AQ,19910401.0,,,,,,,,,,,0.0,,H,,,
21,RAPST,ST ANNS HOSPITAL (ACUTE WARDS),Y56,Q71,ST. ANN'S ROAD,,,LONDON,GREATER LONDON,N15 3TH,19910401.0,,,,,,,,,,,0.0,,H,,,
22,RAX04,QUEEN MARY'S HOSPITAL,Y56,Q71,ROEHAMPTON LANE,,,LONDON,GREATER LONDON,SW15 5PN,20050401.0,,,,,,,,,,,0.0,,H,,,
23,RAX57,MOORFIELDS EYE HOSPITAL NHST,Y56,Q71,162 CITY ROAD,,,LONDON,GREATER LONDON,EC1V 2PD,20080401.0,,,,,,,,,,,0.0,,H,,,
24,RAX59,PARKSIDE HOSPITAL,Y56,Q71,53 PARKSIDE,,,LONDON,GREATER LONDON,SW19 5NX,20080401.0,,,,,,,,,,,0.0,,H,,,
25,RAX60,RAVENSCOURT PARK HOSPITAL,Y56,Q71,STAMFORD CLINIC,RAVENSCOURT PARK,,LONDON,GREATER LONDON,W6 0TN,20080401.0,,,,,,,,,,,0.0,,H,,,
26,RDU75,ROYAL BROMPTON HOSPITAL,Y59,Q87,SYDNEY STREET,,,LONDON,GREATER LONDON,SW3 6NP,20141001.0,,,,,,,,,,,0.0,,J,,,
27,RDU92,CHARING CROSS HOSPITAL,Y59,Q87,FULHAM PALACE ROAD,,,LONDON,GREATER LONDON,W6 8RF,20141001.0,,,,,,,,,,,0.0,,J,,,
28,RF402,BMI THE LONDON INDEPENDENT HOSPITAL,Y56,Q71,1 BEAUMONT SQUARE,STEPNEY GREEN,,LONDON,GREATER LONDON,E1 4NL,20151001.0,,,,,,,,,,,0.0,,H,,,
29,RF4HG,HIGHGATE PRIVATE HOSPITAL,Y56,Q71,17 - 19 VIEW ROAD,,,LONDON,GREATER LONDON,N6 4DJ,20161001.0,,,,,,,,,,,0.0,,H,,,
30,RGDTL,CYGNET HOSPITAL BECKTON,Y63,Q72,23 TUNNAN LEYS,,,LONDON,GREATER LONDON,E6 6ZB,20071001.0,,,,,,,,,,,0.0,,D,,,
31,RHQCR,BUPA CROMWELL HOSPITAL,Y63,Q72,162-174 CROMWELL ROAD,,,LONDON,GREATER LONDON,SW5 0TU,20121001.0,,,,,,,,,,,0.0,,D,,,
32,RJ100,GUY'S AND ST THOMAS' HOSPITALS,Y56,Q71,TRUST OFFICES,GUY'S HOSPITAL,GREAT MAZE POND,LONDON,GREATER LONDON,SE1 9RT,19930401.0,,,,,,,,,,,0.0,,H,,,
33,RJ122,ST THOMAS' HOSPITAL,Y56,Q71,WESTMINSTER BRIDGE ROAD,,,LONDON,GREATER LONDON,SE1 7EH,19930401.0,,,,,,,,,,,0.0,,H,,,
34,RJ127,UNIVERSITY HOSPITAL LEWISHAM,Y56,Q71,LEWISHAM HIGH STREET,,,LONDON,GREATER LONDON,SE13 6LH,20050401.0,,,,,,,,,,,0.0,,H,,,
35,RJ128,KING'S COLLEGE HOSPITAL (DENMARK HILL),Y56,Q71,DENMARK HILL,,,LONDON,GREATER LONDON,SE5 9RS,20050401.0,,,,,,,,,,,0.0,,H,,,
36,RJ129,DULWICH COMMUNITY HOSPITAL,Y56,Q71,EAST DULWICH GROVE,,,LONDON,GREATER LONDON,SE22 8PT,20050401.0,,,,,,,,,,,0.0,,H,,,
37,RJ131,QUEEN ELIZABETH HOSPITAL,Y56,Q71,WOOLWICH STADIUM ROAD,WOOLWICH,,LONDON,GREATER LONDON,SE18 4QH,20050401.0,,,,,,,,,,,0.0,,H,,,
38,RJ252,BLACKHEATH HOSPITAL,Y56,Q71,40-42 LEE TERRACE,BLACKHEATH,,LONDON,GREATER LONDON,SE3 9UD,20151001.0,,,,,,,,,,,0.0,,H,,,
39,RJ7,ST GEORGE'S UNIVERSITY HOSPITALS NHS FOUNDATION TRUST,Y56,Q71,ST GEORGE'S HOSPITAL,BLACKSHAW ROAD,TOOTING,LONDON,,SW17 0QT,19930401.0,,,,,,,,,,,0.0,,H,,,
40,RKEHC,THE WHITTINGTON HOSPITAL AT HORNSEY CENTRAL,Y56,Q71,151 PARK ROAD,,,LONDON,GREATER LONDON,N8 8JD,20100401.0,,,,,,,,,,,0.0,,H,,,
41,RKENH,THE WHITTINGTON HOSPITAL AT NORTHERN HEALTH CENTRE,Y56,Q71,NORTHERN HEALTH CENTRE,580 HOLLOWAY ROAD,ISLINGTON,LONDON,GREATER LONDON,N7 6LB,20120401.0,,,,,,,,,,,0.0,,H,,,
42,RKL2C,OLDER PEOPLES DAY HOSPITAL,Y56,Q71,ST VINCENTS HOUSE,49 QUEEN CAROLINE STREET,,LONDON,GREATER LONDON,W6 9QH,20070401.0,,,,,,,,,,,0.0,,H,,,
43,RKL35,GUNNERSBURY DAY HOSPITAL,Y56,Q71,CLOISTER ROAD,ACTON,,LONDON,GREATER LONDON,W3 0DF,20010401.0,,,,,,,,,,,0.0,,H,,,
44,RP4,GREAT ORMOND STREET HOSPITAL FOR CHILDREN NHS FOUNDATION TRUST,Y56,Q71,GREAT ORMOND STREET,,,LONDON,,WC1N 3JH,19940401.0,,,,,,,,,,,1.0,,H,,,
45,RP426,GOSH INPATIENTS AT CHELSEA AND WESTMINSTER HOSPITAL,Y56,Q71,CHELSEA & WESTMINSTER HOSPITAL NHS,369 FULHAM ROAD,,LONDON,GREATER LONDON,SW10 9NH,20151001.0,,,,,,,,,,,0.0,,H,,,
46,RPGAG,MEMORIAL HOSPITAL,Y56,Q71,SHOOTERS HILL,,WOOLWICH,LONDON,GREATER LONDON,SE18 3RG,20020401.0,,,,,,,,,,,0.0,,H,,,
47,RPGHP,ELTHAM COMMUNITY HOSPITAL,Y56,Q71,30 PASSEY PLACE,,,LONDON,GREATER LONDON,SE9 5DQ,20141001.0,,,,,,,,,,,0.0,,H,,,
48,RPY01,THE ROYAL MARSDEN HOSPITAL (LONDON),Y56,Q71,FULHAM ROAD,,,LONDON,GREATER LONDON,SW3 6JJ,20030401.0,,,,,,,,,,,0.0,,H,,,
49,RQX42,ST BARTHOLOMEWS HOSPITAL,Y56,Q71,57B WEST SMITHFIELD,,,LONDON,GREATER LONDON,EC1A 9DS,20101001.0,,,,,,,,,,,0.0,,H,,,
50,RQX43,ST CLEMENTS HOSPITAL,Y56,Q71,ST CLEMENTS HOSPITAL,22 COMMERCIAL STREET,,LONDON,GREATER LONDON,E1 6LP,20101001.0,,,,,,,,,,,0.0,,H,,,
51,RQY01,SPRINGFIELD UNIVERSITY HOSPITAL,Y56,Q71,61 GLENBURNIE ROAD,,,LONDON,GREATER LONDON,SW17 7DJ,19950401.0,,,,,,,,,,,0.0,,H,,,
52,RQY05,BARNES HOSPITAL,Y56,Q71,SOUTH WORPLE WAY,,,LONDON,GREATER LONDON,SW14 8SU,20010401.0,,,,,,,,,,,0.0,,H,,,
53,RQY42,NELSON HOSPITAL,Y56,Q71,KINGSTON ROAD,,,LONDON,GREATER LONDON,SW20 8DA,19950401.0,,,,,,,,,,,0.0,,H,,,
54,RQY54,OLD HOSPITAL CLOSE,Y56,Q71,BALHAM,,,LONDON,GREATER LONDON,SW12 8SR,20040401.0,,,,,,,,,,,0.0,,H,,,
55,RRU88,PTS ST PANCRAS HOSPITAL,Y56,Q71,ST. PANCRAS WAY,,,LONDON,GREATER LONDON,NW1 0PE,20061001.0,,,,,,,,,,,0.0,,H,,,
56,RRV,UNIVERSITY COLLEGE LONDON HOSPITALS NHS FOUNDATION TRUST,Y56,Q71,250 EUSTON ROAD,,,LONDON,,NW1 2PG,19960401.0,,,,,,,,,,,0.0,,H,,,
57,RRV60,THE ROYAL LONDON HOSPITAL FOR INTEGRATED MEDICINE,Y56,Q71,60 GREAT ORMOND STREET,,,LONDON,GREATER LONDON,WC1N 3HR,20020401.0,,,,,,,,,,,0.0,,H,,,
58,RRV80,UCLH OUTREACH: THE LISTER HOSPITAL,Y56,Q71,THE LISTER HOSPITAL,CHELSEA BRIDGE ROAD,,LONDON,GREATER LONDON,SW1W 8RH,20150401.0,,,,,,,,,,,0.0,,H,,,
59,RRV81,UCLH OUTREACH: PORTLAND HOSPITAL,Y56,Q71,THE PORTLAND HOSPITAL,209 GREAT PORTLAND STREET,,LONDON,GREATER LONDON,W1W 5AH,20150401.0,,,,,,,,,,,0.0,,H,,,
60,RRV82,UCLH OUTREACH: LONDON BRIDGE HOSPITAL,Y56,Q71,LONDON BRIDGE HOSPITAL,27 TOOLEY STREET,,LONDON,GREATER LONDON,SE1 2PR,20150401.0,,,,,,,,,,,0.0,,H,,,
61,RRV92,UCLH OUTREACH: THE PRINCESS GRACE HOSPITAL,Y56,Q71,42-52 NOTTINGHAM PLACE,,,LONDON,GREATER LONDON,W1U 5NY,20071001.0,,,,,,,,,,,0.0,,H,,,
62,RRVE1,THE EASTMAN DENTAL HOSPITAL,Y56,Q71,256 GRAY'S INN ROAD,,,LONDON,GREATER LONDON,WC1X 8LD,19960401.0,,,,,,,,,,,0.0,,H,,,
63,RRVNQ,NATIONAL HOSPITAL FOR NEUROLOGY & NEUROSURGERY - QUEEN SQUARE,Y56,Q71,QUEEN SQUARE,,,LONDON,GREATER LONDON,WC1N 3BG,20020401.0,,,,,,,,,,,0.0,,H,,,
64,RRVP5,ROYAL NATIONAL ENT AND EASTMAN DENTAL HOSPITALS,Y56,Q71,47-49 HUNTLEY STREET,,,LONDON,GREATER LONDON,WC1E 6DG,20190401.0,,,,,,,,,,,1.0,,H,,,
65,RRVRH,HOSPITAL FOR TROPICAL DISEASES,Y56,Q71,MORTIMER MARKET CENTRE,MORTIMER MARKET,OFF CAPPER STREET,LONDON,GREATER LONDON,WC1E 6JD,19960401.0,,,,,,,,,,,0.0,,H,,,
66,RRVTG,UCLH OUTREACH: BMI THE GARDEN HOSPITAL,Y56,Q71,46-50 SUNNY GARDENS ROAD,HENDON,,LONDON,GREATER LONDON,NW4 1RP,20130401.0,,,,,,,,,,,0.0,,H,,,
67,RV315,WILLESDEN HOSPITAL (ROUNDWOOD RESOURCE CENTRE & WILLESDEN CENTRE FOR PSYCHOLOGICAL TREATMENT),Y56,Q71,HARLESDEN ROAD,,,LONDON,GREATER LONDON,NW10 3RY,19990401.0,,,,,,,,,,,0.0,,H,,,
68,RV320,ST CHARLES HOSPITAL,Y56,Q71,EXMOOR STREET,,,LONDON,GREATER LONDON,W10 6DZ,19990401.0,,,,,,,,,,,0.0,,H,,,
69,RV346,THE GORDON HOSPITAL,Y56,Q71,BLOOMBURG STREET,,,LONDON,GREATER LONDON,SW1V 2RH,19990401.0,,,,,,,,,,,0.0,,H,,,
70,RV3CP,ST MARY'S HOSPITAL,Y56,Q71,PRAED STREET,,,LONDON,GREATER LONDON,W2 1NY,20071001.0,,,,,,,,,,,0.0,,H,,,
71,RV502,THE LAMBETH HOSPITAL,Y56,Q71,108 LANDOR ROAD,,,LONDON,GREATER LONDON,SW9 9NU,19990401.0,,,,,,,,,,,0.0,,H,,,
72,RV504,MAUDSLEY HOSPITAL,Y56,Q71,DENMARK HILL,,,LONDON,GREATER LONDON,SE5 8AZ,19990401.0,,,,,,,,,,,0.0,,H,,,
73,RV5K8,ADD-SM OUTPATIENTS-MAUDSLEY HOSPITAL,Y56,Q71,MARINA HOUSE,63-65 DENMARK HILL,,LONDON,GREATER LONDON,SE5 8RS,20061001.0,,,,,,,,,,,0.0,,H,,,
74,RWK03,EAST HAM MEMORIAL HOSPITAL,Y56,Q71,SHREWSBURY ROAD,,,LONDON,GREATER LONDON,E7 8QP,20000401.0,,,,,,,,,,,0.0,,H,,,
75,RWK1G,RICHMOND ROYAL HOSPITAL,Y56,Q71,KEW FOOT ROAD,RICHMOND UPON THAMES,,LONDON,GREATER LONDON,TW9 2TE,20121001.0,20180401.0,,,,,,,,,,0.0,,H,,,
76,RWK3G,ST LEONARD'S HOSPITAL,Y56,Q71,NUTTALL STREET,HACKNEY,,LONDON,GREATER LONDON,N1 5LZ,20160401.0,20180401.0,,,,,,,,,,0.0,,H,,,
77,RWKAX,EAST HAM MEMORIAL HOSPITAL,Y56,Q71,SHREWSBURY ROAD,,,LONDON,GREATER LONDON,E7 8QR,20081001.0,,,,,,,,,,,0.0,,H,,,
78,RWKCA,"FIRST AVE, DAY HOSPITAL - NEWHAM",Y56,Q71,103 FIRST AVENUE,,,LONDON,GREATER LONDON,E13 8AP,20081001.0,,,,,,,,,,,0.0,,H,,,
79,RYJ03,HAMMERSMITH HOSPITAL,Y56,Q71,DU CANE ROAD,,,LONDON,GREATER LONDON,W12 0HS,20071001.0,,,,,,,,,,,0.0,,H,,,
80,RYJ06,SAMARITAN HOSPITAL FOR WOMEN,Y56,Q71,FERGUSON HOUSE,15 MARYLEBONE ROAD,,LONDON,GREATER LONDON,NW1 5JD,20071001.0,,,,,,,,,,,0.0,,H,,,
81,RYJ07,WESTERN EYE HOSPITAL,Y56,Q71,153-173 MARYLEBONE ROAD,,,LONDON,GREATER LONDON,NW1 5QH,20071001.0,,,,,,,,,,,0.0,,H,,,
